Name,Gender,Phone,Emergency Phone,Start date,End date
Rajesh Kumar,Male,9876543210,9876543211,2025-11-12,2025-11-20
Priya Sharma,Female,9876543212,9876543213,2025-11-12,2025-11-22
Amit Patel,Male,9876543214,,2025-11-13,2025-11-21
Sneha Reddy,Female,9876543215,9876543216,2025-11-13,2025-11-23
Vikram Singh,Male,9876543217,9876543218,2025-11-14,2025-11-24
Ananya Iyer,Female,9876543219,,2025-11-14,2025-11-25
Karthik Rao,Male,9876543220,9876543221,2025-11-15,2025-11-26
Divya Nair,Female,9876543222,9876543223,2025-11-15,2025-11-27
Suresh Menon,Male,9876543224,,2025-11-16,2025-11-28
Lakshmi Bhat,Female,9876543225,9876543226,2025-11-16,2025-11-29
